CREATE DATABASE  IF NOT EXISTS `EAMSystem` /*!40100 DEFAULT CHARACTER SET latin1 */;
USE `EAMSystem`;
-- MySQL dump 10.13  Distrib 5.7.20, for Linux (x86_64)
--
-- Host: 127.0.0.1    Database: EAMSystem
-- ------------------------------------------------------
-- Server version	5.7.20-0ubuntu0.16.04.1

/*!40101 SET @OLD_CHARACTER_SET_CLIENT=@@CHARACTER_SET_CLIENT */;
/*!40101 SET @OLD_CHARACTER_SET_RESULTS=@@CHARACTER_SET_RESULTS */;
/*!40101 SET @OLD_COLLATION_CONNECTION=@@COLLATION_CONNECTION */;
/*!40101 SET NAMES utf8 */;
/*!40103 SET @OLD_TIME_ZONE=@@TIME_ZONE */;
/*!40103 SET TIME_ZONE='+00:00' */;
/*!40014 SET @OLD_UNIQUE_CHECKS=@@UNIQUE_CHECKS, UNIQUE_CHECKS=0 */;
/*!40014 SET @OLD_FOREIGN_KEY_CHECKS=@@FOREIGN_KEY_CHECKS, FOREIGN_KEY_CHECKS=0 */;
/*!40101 SET @OLD_SQL_MODE=@@SQL_MODE, SQL_MODE='NO_AUTO_VALUE_ON_ZERO' */;
/*!40111 SET @OLD_SQL_NOTES=@@SQL_NOTES, SQL_NOTES=0 */;

--
-- Table structure for table `college`
--

DROP TABLE IF EXISTS `college`;
/*!40101 SET @saved_cs_client     = @@character_set_client */;
/*!40101 SET character_set_client = utf8 */;
CREATE TABLE `college` (
  `collegeID` int(11) NOT NULL,
  `collegeName` varchar(200) NOT NULL COMMENT '课程名',
  PRIMARY KEY (`collegeID`)
) ENGINE=InnoDB DEFAULT CHARSET=utf8;
/*!40101 SET character_set_client = @saved_cs_client */;

--
-- Dumping data for table `college`
--

LOCK TABLES `college` WRITE;
/*!40000 ALTER TABLE `college` DISABLE KEYS */;
INSERT INTO `college` VALUES (1,'计算机系'),(2,'设计系'),(3,'财经系');
/*!40000 ALTER TABLE `college` ENABLE KEYS */;
UNLOCK TABLES;

--
-- Table structure for table `course`
--

DROP TABLE IF EXISTS `course`;
/*!40101 SET @saved_cs_client     = @@character_set_client */;
/*!40101 SET character_set_client = utf8 */;
CREATE TABLE `course` (
  `courseID` int(11) NOT NULL,
  `courseName` varchar(200) NOT NULL COMMENT '课程名称',
  `teacherID` int(11) NOT NULL,
  `courseTime` varchar(200) DEFAULT NULL COMMENT '开课时间',
  `classRoom` varchar(200) DEFAULT NULL COMMENT '开课地点',
  `courseWeek` int(200) DEFAULT NULL COMMENT '学时',
  `courseType` varchar(20) DEFAULT NULL COMMENT '课程类型',
  `collegeID` int(11) NOT NULL COMMENT '所属院系',
  `score` int(11) NOT NULL COMMENT '学分',
  PRIMARY KEY (`courseID`),
  KEY `collegeID` (`collegeID`),
  KEY `teacherID` (`teacherID`),
  CONSTRAINT `course_ibfk_1` FOREIGN KEY (`collegeID`) REFERENCES `college` (`collegeID`),
  CONSTRAINT `course_ibfk_2` FOREIGN KEY (`teacherID`) REFERENCES `teacher` (`userID`)
) ENGINE=InnoDB DEFAULT CHARSET=utf8;
/*!40101 SET character_set_client = @saved_cs_client */;

--
-- Dumping data for table `course`
--

LOCK TABLES `course` WRITE;
/*!40000 ALTER TABLE `course` DISABLE KEYS */;
INSERT INTO `course` VALUES (1,'C语言程序设计',1001,'周二','科401',18,'必修课',1,3),(2,'Python爬虫技巧',1001,'周四','X402',18,'必修课',1,3),(3,'数据结构',1001,'周四','科401',18,'必修课',1,2),(4,'Java程序设计',1002,'周五','科401',18,'必修课',1,2),(5,'英语',1002,'周四','X302',18,'必修课',2,2),(6,'服装设计',1003,'周一','科401',18,'选修课',2,2);
/*!40000 ALTER TABLE `course` ENABLE KEYS */;
UNLOCK TABLES;

--
-- Table structure for table `role`
--

DROP TABLE IF EXISTS `role`;
/*!40101 SET @saved_cs_client     = @@character_set_client */;
/*!40101 SET character_set_client = utf8 */;
CREATE TABLE `role` (
  `roleID` int(11) NOT NULL,
  `roleName` varchar(20) NOT NULL,
  `permissions` varchar(255) DEFAULT NULL COMMENT '权限',
  PRIMARY KEY (`roleID`)
) ENGINE=InnoDB DEFAULT CHARSET=utf8;
/*!40101 SET character_set_client = @saved_cs_client */;

--
-- Dumping data for table `role`
--

LOCK TABLES `role` WRITE;
/*!40000 ALTER TABLE `role` DISABLE KEYS */;
INSERT INTO `role` VALUES (0,'admin',NULL),(1,'teacher',NULL),(2,'student',NULL);
/*!40000 ALTER TABLE `role` ENABLE KEYS */;
UNLOCK TABLES;

--
-- Table structure for table `selectedcourse`
--

DROP TABLE IF EXISTS `selectedcourse`;
/*!40101 SET @saved_cs_client     = @@character_set_client */;
/*!40101 SET character_set_client = utf8 */;
CREATE TABLE `selectedcourse` (
  `courseID` int(11) NOT NULL,
  `studentID` int(11) NOT NULL,
  `mark` int(11) DEFAULT NULL COMMENT '成绩',
  KEY `courseID` (`courseID`),
  KEY `studentID` (`studentID`),
  CONSTRAINT `selectedcourse_ibfk_1` FOREIGN KEY (`courseID`) REFERENCES `course` (`courseID`),
  CONSTRAINT `selectedcourse_ibfk_2` FOREIGN KEY (`studentID`) REFERENCES `student` (`userID`)
) ENGINE=InnoDB DEFAULT CHARSET=utf8;
/*!40101 SET character_set_client = @saved_cs_client */;

--
-- Dumping data for table `selectedcourse`
--

LOCK TABLES `selectedcourse` WRITE;
/*!40000 ALTER TABLE `selectedcourse` DISABLE KEYS */;
INSERT INTO `selectedcourse` VALUES (2,10001,12),(1,10001,95),(1,10002,66),(1,10003,NULL),(2,10003,99),(5,10001,NULL),(3,10001,NULL);
/*!40000 ALTER TABLE `selectedcourse` ENABLE KEYS */;
UNLOCK TABLES;

--
-- Table structure for table `student`
--

DROP TABLE IF EXISTS `student`;
/*!40101 SET @saved_cs_client     = @@character_set_client */;
/*!40101 SET character_set_client = utf8 */;
CREATE TABLE `student` (
  `userID` int(11) NOT NULL AUTO_INCREMENT,
  `userName` varchar(200) NOT NULL,
  `sex` varchar(20) DEFAULT NULL,
  `birthYear` date DEFAULT NULL COMMENT '出生日期',
  `grade` date DEFAULT NULL COMMENT '入学时间',
  `collegeID` int(11) NOT NULL COMMENT '院系id',
  PRIMARY KEY (`userID`),
  KEY `collegeID` (`collegeID`),
  CONSTRAINT `student_ibfk_1` FOREIGN KEY (`collegeID`) REFERENCES `college` (`collegeID`)
) ENGINE=InnoDB AUTO_INCREMENT=10007 DEFAULT CHARSET=utf8;
/*!40101 SET character_set_client = @saved_cs_client */;

--
-- Dumping data for table `student`
--

LOCK TABLES `student` WRITE;
/*!40000 ALTER TABLE `student` DISABLE KEYS */;
INSERT INTO `student` VALUES (10001,'小黄','男','1996-09-02','2015-09-02',1),(10002,'小米','女','1995-09-14','2015-09-02',3),(10003,'小陈','女','1996-09-02','2015-09-02',2),(10004,'小华','男','1996-09-02','2015-09-02',2),(10005,'小左','女','1996-09-02','2015-09-02',2),(10006,'小拉','女','1996-09-02','2015-09-02',1);
/*!40000 ALTER TABLE `student` ENABLE KEYS */;
UNLOCK TABLES;

--
-- Table structure for table `teacher`
--

DROP TABLE IF EXISTS `teacher`;
/*!40101 SET @saved_cs_client     = @@character_set_client */;
/*!40101 SET character_set_client = utf8 */;
CREATE TABLE `teacher` (
  `userID` int(11) NOT NULL AUTO_INCREMENT,
  `userName` varchar(200) NOT NULL,
  `sex` varchar(20) DEFAULT NULL,
  `birthYear` date NOT NULL,
  `degree` varchar(20) DEFAULT NULL COMMENT '学历',
  `title` varchar(255) DEFAULT NULL COMMENT '职称',
  `grade` date DEFAULT NULL COMMENT '入职时间',
  `collegeID` int(11) NOT NULL COMMENT '院系',
  PRIMARY KEY (`userID`),
  KEY `collegeID` (`collegeID`),
  CONSTRAINT `teacher_ibfk_1` FOREIGN KEY (`collegeID`) REFERENCES `college` (`collegeID`)
) ENGINE=InnoDB AUTO_INCREMENT=1004 DEFAULT CHARSET=utf8;
/*!40101 SET character_set_client = @saved_cs_client */;

--
-- Dumping data for table `teacher`
--

LOCK TABLES `teacher` WRITE;
/*!40000 ALTER TABLE `teacher` DISABLE KEYS */;
INSERT INTO `teacher` VALUES (1001,'刘老师','女','1990-03-08','硕士','副教授','2015-09-02',2),(1002,'张老师','男','1996-09-02','本科','普通教师','2015-09-02',1),(1003,'软老师','男','1996-09-02','硕士','助教','2017-07-07',1);
/*!40000 ALTER TABLE `teacher` ENABLE KEYS */;
UNLOCK TABLES;

--
-- Table structure for table `userlogin`
--

DROP TABLE IF EXISTS `userlogin`;
/*!40101 SET @saved_cs_client     = @@character_set_client */;
/*!40101 SET character_set_client = utf8 */;
CREATE TABLE `userlogin` (
  `userID` int(11) NOT NULL AUTO_INCREMENT,
  `userName` varchar(200) NOT NULL,
  `password` varchar(200) NOT NULL,
  `role` int(11) NOT NULL DEFAULT '2' COMMENT '角色权限',
  PRIMARY KEY (`userID`),
  KEY `role` (`role`),
  CONSTRAINT `userlogin_ibfk_1` FOREIGN KEY (`role`) REFERENCES `role` (`roleID`)
) ENGINE=InnoDB AUTO_INCREMENT=17 DEFAULT CHARSET=utf8;
/*!40101 SET character_set_client = @saved_cs_client */;

--
-- Dumping data for table `userlogin`
--

LOCK TABLES `userlogin` WRITE;
/*!40000 ALTER TABLE `userlogin` DISABLE KEYS */;
INSERT INTO `userlogin` VALUES (1,'admin','123',0),(8,'10001','123',2),(9,'10002','123',2),(10,'10003','123',2),(11,'10005','123',2),(12,'10004','123',2),(13,'10006','123',2),(14,'1001','123',1),(15,'1002','123',1),(16,'1003','123',1);
/*!40000 ALTER TABLE `userlogin` ENABLE KEYS */;
UNLOCK TABLES;
/*!40103 SET TIME_ZONE=@OLD_TIME_ZONE */;

/*!40101 SET SQL_MODE=@OLD_SQL_MODE */;
/*!40014 SET FOREIGN_KEY_CHECKS=@OLD_FOREIGN_KEY_CHECKS */;
/*!40014 SET UNIQUE_CHECKS=@OLD_UNIQUE_CHECKS */;
/*!40101 SET CHARACTER_SET_CLIENT=@OLD_CHARACTER_SET_CLIENT */;
/*!40101 SET CHARACTER_SET_RESULTS=@OLD_CHARACTER_SET_RESULTS */;
/*!40101 SET COLLATION_CONNECTION=@OLD_COLLATION_CONNECTION */;
/*!40111 SET SQL_NOTES=@OLD_SQL_NOTES */;

-- Dump completed on 2017-11-09 13:16:35
